study,instrument,hedges_g,hedges_g_absolute
"Aagaard, 2017",bdi-1,0,0
"Abas, 2018",phq-9,0.7104177676450967,0.7104177676450967
"Abas, 2018",dssq,0.5516490259343738,0.5516490259343738
"Abbas, 2023a",phq-9,2.218472559511621,2.218472559511621
"Abbas, 2023b",phq-9,2.150929257120074,2.150929257120074
"Afonso, 2009",ces-d,2.817357462771133,2.817357462771133
"Afonso, 2009",ces-d,2.116787724867555,2.116787724867555
"Aguilar-Raab, 2023",hdrs-17,0.6304747188321391,0.6304747188321391
"Ahmadpanah, 2016",bdi-1,1.778867747750905,1.778867747750905
"Ahmadpanah, 2016",bdi-1,1.568191281941832,1.568191281941832
"Alexopoulos, 2016",hdrs,-0.2151834906292421,0.2151834906292421
"Alhusen, 2021",epds,1.45689151068139,1.45689151068139
"Allart van Dam, 2003",bdi-1,0.5696379303814292,0.5696379303814292
"Amani, 2021",epds,1.307353050551577,1.307353050551577
"Amano, 2023",hdrs-17,-0.0274439338904152,0.0274439338904152
"Amano, 2023",bdi-2,-0.03204689987903108,0.03204689987903108
"Ammerman, 2013",bdi-2,0.9439886890186913,0.9439886890186913
"Ammerman, 2013",epds,0.8818797262674432,0.8818797262674432
"Ammerman, 2013",hdrs,0.7810537604533173,0.7810537604533173
"Andersson, 2005",bdi-1,0.9544522520231028,0.9544522520231028
"Andersson, 2005",madrs-s,0.7899660882476782,0.7899660882476782
"Araya, 2021",phq-9,0.3957256916026307,0.3957256916026307
"Araya, 2021",phq-9,0.2650994751778469,0.2650994751778469
"Arean, 1993",hdrs,0.5331612858260181,0.5331612858260181
"Arean, 1993",bdi-1,0.5134986394018022,0.5134986394018022
"Arean, 1993",gds,0.3169001489253121,0.3169001489253121
"Arean, 1993",hdrs,2.372397825624415,2.372397825624415
"Arean, 1993",gds,0.848818280888214,0.848818280888214
"Arean, 1993",bdi-1,0.8348533761566674,0.8348533761566674
"Arjadi, 2018",phq-9,0.3886445870980115,0.3886445870980115
"Au, 2022",bdi-2,0.3693171433747223,0.3693171433747223
"Ayen, 2004",ids,4.237411080881307,4.237411080881307
"Ayen, 2004",ids,4.007738931333748,4.007738931333748
"Ayen, 2004",bdi-1,3.381681097046884,3.381681097046884
"Ayen, 2004",bdi-1,3.36,3.36
"Ayen, 2004",ids,2.292730502666655,2.292730502666655
"Ayen, 2004",ids,2.170229008363794,2.170229008363794
"Ayen, 2004",bdi-1,1.768812071448717,1.768812071448717
"Ayen, 2004",bdi-1,1.713271925966938,1.713271925966938
"Baker, 2010",bdi-2,-0.0846540509280823,0.0846540509280823
"Baker, 2010",bdi-2,0.195214455008255,0.195214455008255
"Barber, 2012",hdrs,0.09893355469310135,0.09893355469310135
"Barnhofer, 2009",bdi-2,0.9150468054531782,0.9150468054531782
"Barrett, 2001",hdrs,0.270056935486176,0.270056935486176
"Basirat, 2022",bdi-2,0.9708366726871214,0.9708366726871214
"Baumeister, 2021",qids,0.2791261375102611,0.2791261375102611
"Baumeister, 2021",hdrs-17,0.213812285331136,0.213812285331136
"Baumeister, 2021",phq-9,0.445813726797858,0.445813726797858
"Baumgartner, 2021",ces-d,0.3175759680242314,0.3175759680242314
"Baumgartner, 2021",ces-d,0.2802349650576587,0.2802349650576587
"Beach, 1992",bdi-1,1.343789668932797,1.343789668932797
"Beach, 1992",bdi-1,1.003279823024522,1.003279823024522
"Bedard, 2014",bdi-2,0.5177281170495313,0.5177281170495313
"Bedard, 2014",phq-9,0.4138377822596936,0.4138377822596936
"Bedard, 2014",scl,0.1324252248844083,0.1324252248844083
"Beeber, 2010",ces-d,0.77409980792219,0.77409980792219
"Bendig, 2021",phq-9,0.3154514732058731,0.3154514732058731
"Bengtson, 2023",epds,0.5193657280748367,0.5193657280748367
"Berger, 2011",bdi-2,1.125274725274725,1.125274725274725
"Berger, 2011",bdi-2,0.6540989545266531,0.6540989545266531
"Berman, 2022",phq-9,0.9441603349489438,0.9441603349489438
"Berman, 2022",hdrs,1.021550526338202,1.021550526338202
"Beutel, 2014",scid,0.5190917906863807,0.5190917906863807
"Bilich, 2008",dass-d,0.7812237615892043,0.7812237615892043
"Bilich, 2008",bdi-2,0.7396042969888661,0.7396042969888661
"Boele, 2018",ces-d,0.6102799193478488,0.6102799193478488
"Boele, 2021",ces-d,-0.007185291430540221,0.007185291430540221
"Boeschoten, 2017",bdi-2,0.07777490676573282,0.07777490676573282
"Bohlmeijer, 2011",ces-d,0.5964694241591396,0.5964694241591396
"Bolton, 2003",hscl-d,1.316749279747847,1.316749279747847
"Bower, 2021",ces-d,0.2355574541831425,0.2355574541831425
"Bower, 2021",ces-d,0.04523090267190013,0.04523090267190013
"Bowman, 1995",bdi-1,1.479110587910231,1.479110587910231
"Bowman, 1995",hdrs,1.101217574916833,1.101217574916833
"Bowman, 1995",hdrs,0.9604653901031702,0.9604653901031702
"Bowman, 1995",bdi-1,0.9344787386129594,0.9344787386129594
"Braun, 2021",qids-sr16,0.2806605219562046,0.2806605219562046
"Brown, 1984",bdi-1,0.4465639774530238,0.4465639774530238
"Brown, 1984",ces-d,0.4170800571254878,0.4170800571254878
"Brown, 1984",ces-d,0.3716863044865616,0.3716863044865616
"Brown, 1984",bdi-1,0.2763873625834966,0.2763873625834966
"Brown, 1984",ces-d,0.6172549635815937,0.6172549635815937
"Brown, 1984",bdi-1,0.2200493863141666,0.2200493863141666
"Buhrman, 2015",madrs-s,0.2970004352097492,0.2970004352097492
"Buntrock, 2015",ces-d,0.6583983296659768,0.6583983296659768
"Burns, 2007",gds,0.4035544432436979,0.4035544432436979
"Burns, 2013",cis-r,0.9537812748814242,0.9537812748814242
"Burns, 2013",epds,0.9393099653086772,0.9393099653086772
"Burns, 2013",phq-9,0.89676319962651585,0.89676319962651585
"Carlbring, 2013",bdi-2,0.8545813598644367,0.8545813598644367
"Carlbring, 2013",madrs-s,0.6330426121098734,0.6330426121098734
"Carpenter, 2008",hdrs-29,-0.208663760766951,0.208663760766951
"Carpenter, 2008",bdi-2,-0.4671340886768437,0.4671340886768437
"Carr, 2017",bdi-2,0.3986298525316526,0.3986298525316526
"Carr, 2017",madrs-s,0.3142913782657401,0.3142913782657401
"Carr, 2017",hdrs,0.2959869676761782,0.2959869676761782
"Carta, 2012",bdi-1,0.248029997930288,0.248029997930288
"Casanas, 2012",bdi-1,0.2870044121966394,0.2870044121966394
"Castonguay, 2004",bdi-1,1.840724217620877,1.840724217620877
"Castonguay, 2004",hdrs,1.65035813332865,1.65035813332865
"Chan, 2012",bdi-2,2.672111669232705,2.672111669232705
"Chan, 2012",bdi-2,1.484912362763436,1.484912362763436
"Chan, 2012",hdrs,0.6853985973384675,0.6853985973384675
"Chan, 2012",hdrs,0.6043107813657841,0.6043107813657841
"Chan, 2013",gds,1.431781494987926,1.431781494987926
"Chen, 2000",bdi-1,0.5978305087041934,0.5978305087041934
"Chesney, 2003",ces-d,0.1592277069304057,0.1592277069304057
"Chesney, 2003",ces-d,0.03210468133681862,0.03210468133681862
"Chiang, 2015",hdrs,4.820400798638661,4.820400798638661
"Chiang, 2015",bdi-2,3.598534804785224,3.598534804785224
"Cho, 2008",bdi-1,1.044081752044613,1.044081752044613
"Choi, 2012",bdi-1,0.8934931877711558,0.8934931877711558
"Choi, 2012",phq-9,0.4805137495292436,0.4805137495292436
"Choi, 2012",k-10,0.2755539181252772,0.2755539181252772
"Choi, 2014",hdrs,0.3046595631658395,0.3046595631658395
"Choi, 2014",hdrs,0.498836416205436,0.498836416205436
"Choi, 2020b",hdrs-24,1.046067081631449,1.046067081631449
"Choi, 2020b",hdrs-24,0.6473482044130874,0.6473482044130874
"Chowdhary, 2016",bdi-1,0.4504179768485387,0.4504179768485387
"Choy, 2016",gds,0.9926348972068993,0.9926348972068993
"Cladder-Micus, 2018",ids-sr,0.4263023799323654,0.4263023799323654
"Clark, 2003",ces-d,0.5344142597776642,0.5344142597776642
"Clark, 2003",bdi-1,0.4152177740677668,0.4152177740677668
"Clark, 2003",ces-d,0.7024539763999129,0.7024539763999129
"Clark, 2003",bdi-1,0.5060211764377356,0.5060211764377356
"Clark, 2008",bdi-1,1.093926447653918,1.093926447653918
"Cohen, 2010",hdrs,0.7214015979951516,0.7214015979951516
"Cohen, 2010",bdi-2,0.3519239097761448,0.3519239097761448
"Cooper, 2003",epds,0.4338440111420616,0.4338440111420616
"Cooper, 2003",epds,0.2590834379859168,0.2590834379859168
"Cooper, 2003",epds,0.5259754294754071,0.5259754294754071
"Cramer, 2011",phq-9,0.2475510886775974,0.2475510886775974
"Cuijpers, 2022a",phq-9,0.7325631922859732,0.7325631922859732
"Cuijpers, 2022b",phq-9,0.5767854982060101,0.5767854982060101
"Davoudi, 2020",bdi-1,0.7142265014921643,0.7142265014921643
"De Groot, 2019",bdi-2,0.8669168641530521,0.8669168641530521
"De Groot, 2019",bdi-2,0.6233965404137327,0.6233965404137327
"De Jong, 2018",hdrs,0.09571773899937153,0.09571773899937153
"De Jong, 2018",qids-c,0.01814945442487129,0.01814945442487129
"Dekker, 2012",bdi-2,0.4194447052827207,0.4194447052827207
"Demir, 2022",bdi-1,0.1383590170480164,0.1383590170480164
"Dennis, 2020",epds,1.070648947801611,1.070648947801611
"DeRubeis, 2005",hdrs,0.4548791204000685,0.4548791204000685
"Desautels, 2018",bdi-2,1.205102684376539,1.205102684376539
"Desautels, 2018",hads-d,1.0783899145062,1.0783899145062
"Desautels, 2018",hdrs,0.9334065047777625,0.9334065047777625
"Dimidjian, 2006",hdrs,0.8512342065774011,0.8512342065774011
"Dimidjian, 2006",bdi-1,0.4877172359080529,0.4877172359080529
"Dimidjian, 2006",hdrs,0.9606141976034341,0.9606141976034341
"Dimidjian, 2006",bdi-1,0.9098803970756624,0.9098803970756624
"Dimidjian, 2017",phq-9,0.3336889001210569,0.3336889001210569
"Dindo, 2012",idas-d,1.208037706400873,1.208037706400873
"Dindo, 2012",hdrs,1.098983407548624,1.098983407548624
"Dindo, 2020",hdrs,0.2860628942226108,0.2860628942226108
"Dobkin, 2011",hdrs,1.227810565912924,1.227810565912924
"Dobkin, 2011",bdi-1,1.04757559404602,1.04757559404602
"Dobkin, 2020",hdrs,1.480511286571943,1.480511286571943
"Dobkin, 2020",bdi-1,0.7120410049569073,0.7120410049569073
"Dobkin, 2021",hdrs,0.9316466329160643,0.9316466329160643
"Dobkin, 2021",bdi,0.893054286653272,0.893054286653272
"Doering, 2013",bdi-1,1.154700180507935,1.154700180507935
"Dong, 2019",hdrs,2.501840323418278,2.501840323418278
"Dong, 2019",sds,2.003494865197023,2.003494865197023
"Dowrick, 2000",bdi,0.1800675198050793,0.1800675198050793
"Dowrick, 2000",bdi,0.2453737211522075,0.2453737211522075
"Duarte, 2009",mini,0.8338160933354085,0.8338160933354085
"Duarte, 2009",bdi-1,0.7896820690806156,0.7896820690806156
"Dunn, 2007",bdi-2,0.2330822084219202,0.2330822084219202
"Dunn, 2007",ham-d-18,0.5661795024510926,0.5661795024510926
"Dwight-Johnson, 2011",phq-9,1.963660204441555,1.963660204441555
"Dwight-Johnson, 2011",scl,1.603115871470301,1.603115871470301
"Ebert, 2014",ces-d,0.6905201308736487,0.6905201308736487
"Ebert, 2018",ces-d,0.8383370832126669,0.8383370832126669
"Ebert, 2018",qids-c,0.3997117880949458,0.3997117880949458
"Ebert, 2018",hdrs,0.3459148651534445,0.3459148651534445
"Ede, 2020",ces-d,0.6934428744021484,0.6934428744021484
"Ekers, 2011",bdi-2,1.151795910428421,1.151795910428421
"Ekkers, 2011",qids-sr,1.274064957072372,1.274064957072372
"Ekkers, 2011",gds,0.8986325386414938,0.8986325386414938
"Elkin, 1989",hdrs,0.4304447537479059,0.4304447537479059
"Elkin, 1989",hdrs,0.3165043448463727,0.3165043448463727
"Elkin, 1989",bdi-1,0.2826018724919385,0.2826018724919385
"Elkin, 1989",bdi-1,0.1507172387089112,0.1507172387089112
"Embling, 2002",bdi-1,2.471689631084248,2.471689631084248
"Eseadi, 2018",bdi-2,2.468801876248472,2.468801876248472
"Eseadi, 2022",bdi-2,0.9543268934036536,0.9543268934036536
"Euteneuer, 2017",bdi-2,0.7663466549790754,0.7663466549790754
"Euteneuer, 2017",bdi-2,0.709391747262988,0.709391747262988
"Euteneuer, 2022",bdi-2,0.5532787139790234,0.5532787139790234
"Euteneuer, 2022",madrs-cr,0.5843124292783693,0.5843124292783693
"Evans, 1995",scl,0.9632192740139339,0.9632192740139339
"Evans, 1995",ces-d,0.9152562201976737,0.9152562201976737
"Evans, 1995",scl,0.648055234803775,0.648055234803775
"Evans, 1995",ces-d,0.541718849881029,0.541718849881029
"Ewais, 2021",dass-d,0.853397810669923,0.853397810669923
"Fann, 2015",scl,0.1741787624140567,0.1741787624140567
"Fann, 2015",scl,0.1674520174639579,0.1674520174639579
"Fann, 2015",hdrs,0.1064435974216162,0.1064435974216162
"Fann, 2015",hdrs,0.04484710040789056,0.04484710040789056
"Faramarzi, 2008",bdi-1,1.723276391385613,1.723276391385613
"Fereydouni, 2022",bdi-2,2.770709133393375,2.770709133393375
"Fereydouni, 2022",dass-d,2.580525202405353,2.580525202405353
"Fissler, 2016",bdi,1.174827068067095,1.174827068067095
"Fledderus, 2012",ces-d,0.8900537746082888,0.8900537746082888
"Fledderus, 2012",ces-d,0.7349812845388524,0.7349812845388524
"Floyd, 2004",hdrs,0.8851574399325403,0.8851574399325403
"Floyd, 2004",gds,0.6353495544202702,0.6353495544202702
"Floyd, 2004",hdrs,1.86873080464577,1.86873080464577
"Floyd, 2004",gds,1.256046703016296,1.256046703016296
"Flygare, 2020",madrs-s,0.2305716147447951,0.2305716147447951
"Flygare, 2020",bdi-2,0.2273499818761186,0.2273499818761186
"Folke, 2012",bdi-1,0.6622177866808925,0.6622177866808925
"Fonagy, 2015",bdi-2,0.424521424880216,0.424521424880216
"Fonagy, 2015",hdrs,0.2345769569284749,0.2345769569284749
"Fonagy, 2019",hrsd-17,0.540284219373237,0.540284219373237
"Fonagy, 2019",bdi-2,0.55278661896844,0.55278661896844
"Fonagy, 2019",bsi - depression,0.643699833405646,0.643699833405646
"Fonagy, 2019",hrsd-17,0.16715167997556,0.16715167997556
"Fonagy, 2019",bdi-2,0.291841333576331,0.291841333576331
"Fonagy, 2019",bsi - depression,0.521927659575762,0.521927659575762
"Forand, 2018",phq-9,1.594365085752973,1.594365085752973
"Forand, 2018",hdrs,1.553702003005831,1.553702003005831
"Forsell, 2017",madrs-s,1.210985669391368,1.210985669391368
"Forsell, 2017",epds,0.5197834235735109,0.5197834235735109
"Frangou, 2021",phq-9,-0.07096010315363953,0.07096010315363953
"Freedland, 2009",bdi-1,0.9690491839631918,0.9690491839631918
"Freedland, 2009",hdrs,0.8097428247011927,0.8097428247011927
"Freedland, 2009",bdi-1,0.4973188781345681,0.4973188781345681
"Freedland, 2009",hdrs,0.4486884016755747,0.4486884016755747
"Freedland, 2015",nih,0.7840704293366464,0.7840704293366464
"Freedland, 2015",hdrs,0.6522828356137453,0.6522828356137453
"Freedland, 2015",bdi-2,0.4204958971267003,0.4204958971267003
"Fry, 1983",bdi-1,3.170554054656644,3.170554054656644
"Fry, 1983",bdi-1,1.730681946298246,1.730681946298246
"Fuhr, 2019",phq-9,0.2089686211669164,0.2089686211669164
"Funderburk, 2021",phq-9,0.2226429117656767,0.2226429117656767
"Furukawa, 2012",bdi-2,0.6812876135786358,0.6812876135786358
"Furukawa, 2012",k6,0.6666474309292051,0.6666474309292051
"Garcia-Pena, 2015",phq-9,0.5965468599910114,0.5965468599910114
"Garcia, 2023",bdi-2,0.3669786168830526,0.3669786168830526
"Gawrysiak, 2009",bdi-2,1.656577146059191,1.656577146059191
"Gellis, 2008",hdrs,2.781306408045464,2.781306408045464
"Gellis, 2008",gds,1.089082840666057,1.089082840666057
"Gellis, 2010",bdi-1,0.9648287638209382,0.9648287638209382
"Gellis, 2010",hdrs,0.703470726740356,0.703470726740356
"Geraedts, 2014",ces-d,0.2521614524146035,0.2521614524146035
"Ghorbani, 2021",dass,4.495548830946013,4.495548830946013
"Gibbons, 2012",hdrs,-0.1107669685410499,0.1107669685410499
"Gibbons, 2012",basis-24-d,-0.1326536605213485,0.1326536605213485
"Gitlin, 2013",ces-d,0.5208456615433111,0.5208456615433111
"Gitlin, 2013",phq-9,0.406910673080712,0.406910673080712
"Gold, 2023",madrs,0.435967441843049,0.435967441843049
"Goodman, 2015",epds,0.03387429407587524,0.03387429407587524
"Greenberg, 2018",bdi-2,1.107091370500723,1.107091370500723
"Greenberg, 2018",hdrs,1.049755951791546,1.049755951791546
"Grote, 2009",epds,1.354503873906494,1.354503873906494
"Grote, 2009",bdi-1,1.153632811629888,1.153632811629888
"Gureje, 2022",epds,0.4493089248118198,0.4493089248118198
"Hagen, 2017",bdi-1,2.46768987403917,2.46768987403917
"Hallford, 2016",dass-d,1.249093411786454,1.249093411786454
"Hallgren, 2015",madrs,0.3206798552193937,0.3206798552193937
"Hamamci, 2006",bdi-1,1.40807562013347,1.40807562013347
"Hamamci, 2006",bdi-1,1.401697749126726,1.401697749126726
"Hamdan-Mansour, 2009",bdi-1,0.6322073532595508,0.6322073532595508
"Haringsma, 2006",ces-d,0.4770181147728951,0.4770181147728951
"Haringsma, 2006",hads-d,0.421105396191032,0.421105396191032
"Harley, 2008",hdrs,0.9633032265766385,0.9633032265766385
"Harley, 2008",bdi-1,0.7235309823744511,0.7235309823744511
"Harrer, 2021",ces-d,0.3644586846821299,0.3644586846821299
"Hashemi, 2022",bdi-2,1.77030100885812,1.77030100885812
"Hassiotis, 2013",bdi-1,0.02053021705293892,0.02053021705293892
"Hautzinger, 2004",ids,1.477397950899405,1.477397950899405
"Hautzinger, 2004",scl,0.6948512670747333,0.6948512670747333
"Hautzinger, 2004",gds,0.6480527874385175,0.6480527874385175
"Hayman, 1980",bdi-1,0.4715302727548399,0.4715302727548399
"He, 2019",hdrs,0.4312142386584305,0.4312142386584305
"Heckman, 2011",gds,0.3783415781207618,0.3783415781207618
"Heckman, 2011",gds,0.2481232777204597,0.2481232777204597
"Heckman, 2013",gds,0.461813349549936,0.461813349549936
"Heckman, 2013",gds,-0.003880035513168676,0.003880035513168676
"Heckman, 2017",bdi-1,1.152147610443563,1.152147610443563
"Hegerl, 2010",hdrs,0.9240327556404154,0.9240327556404154
"Heim, 2021",phq-9,0.7019163860089408,0.7019163860089408
"Hemanny, 2019",hdrs,1.285834659400387,1.285834659400387
"Hemanny, 2019",bdi-1,1.242472419195886,1.242472419195886
"Hemanny, 2019",hdrs,1.313603392234068,1.313603392234068
"Hemanny, 2019",bdi-1,1.27053295282912,1.27053295282912
"Hermanns, 2015",ces-d,0.2190183238015389,0.2190183238015389
"Hermanns, 2015",phq-9,0.1829690241840991,0.1829690241840991
"Herrmann-Lingen, 2016",hads-d,0,0
"Heshmati, 2023",WAI-d,1.661349346640786,1.661349346640786
"Hoifodt, 2013",hads-d,0.9235597153110148,0.9235597153110148
"Hoifodt, 2013",bdi-2,0.523364043156444,0.523364043156444
"Holden, 1989",spi,0.7172762890453087,0.7172762890453087
"Honey, 2002",epds,0.3574252298793107,0.3574252298793107
"Horrell, 2014",bdi-2,0.5098072103585578,0.5098072103585578
"Hou, 2014",epds,0.7115002871293837,0.7115002871293837
"Hsiao, 2014",bdi-2,-0.5515858536407859,0.5515858536407859
"Huang, 2016",ces-d,1.952975893507857,1.952975893507857
"Huh, 2023",epds,0.4214102699266879,0.4214102699266879
"Hum, 2019",qids-sr,0.216086900463809,0.216086900463809
"Hum, 2019",nddie,-0.2010392162865564,0.2010392162865564
"Hum, 2019",qids-sr,0.2327015947114962,0.2327015947114962
"Hummel, 2017",hdrs,1.614239646400022,1.614239646400022
"Hummel, 2017",hads-d-severity,1.338671403012322,1.338671403012322
"Hummel, 2017",hads-d,1.187574150655571,1.187574150655571
"Hunter, 2012",bdi-1,0.4194260377101077,0.4194260377101077
"Husain, 2017",hdrs,1.061533217064629,1.061533217064629
"Husain, 2017",epds,0.7222405433109769,0.7222405433109769
"Husain, 2021a",phq-9,1.467590300998616,1.467590300998616
"Husain, 2021a",epds,1.435947211075118,1.435947211075118
"Husain, 2021b",hdrs,3.369266381778142,3.369266381778142
"Husain, 2021b",epds,2.239851972242206,2.239851972242206
"Husain, 2023",epds,0.04855690411497453,0.04855690411497453
"Husain, 2023",phq-9,0.04341757883978872,0.04341757883978872
"Husain, 2023",hamd21,0.01748346144327412,0.01748346144327412
"Jalali, 2019",bdi-2,0.9724071197923432,0.9724071197923432
"Jamison, 1995",hdrs,1.866462831084041,1.866462831084041
"Jamison, 1995",bdi-1,1.320428121497967,1.320428121497967
"Janssen, 2023",qids16sr,0.5511235342066858,0.5511235342066858
"Jarrett, 1999",bdi-1,0.6309608718598634,0.6309608718598634
"Jarrett, 1999",hdrs,0.5290528909087201,0.5290528909087201
"Jelinek, 2016",hdrs,0.5216035907584625,0.5216035907584625
"Jelinek, 2016",bdi-1,0.3762174421218607,0.3762174421218607
"Jesse, 2015",bdi-2,0.4123834961195122,0.4123834961195122
"Jesse, 2015",epds,0.2759623644768757,0.2759623644768757
"Jiang, 2014",epds,1.052306171256045,1.052306171256045
"Johansson, 2012a",bdi-2,1.111149203628312,1.111149203628312
"Johansson, 2012a",phq-9,0.9368068094690061,0.9368068094690061
"Johansson, 2012a",madrs-s,0.8492545228716525,0.8492545228716525
"Johansson, 2012b",bdi-2,0.8261220334830437,0.8261220334830437
"Johansson, 2012b",madrs-s,0.790395736936628,0.790395736936628
"Johansson, 2012b",madrs-s,0.5691129850749519,0.5691129850749519
"Johansson, 2012b",bdi-2,0.5590523281144637,0.5590523281144637
"Johansson, 2019a",madrs-sr,1.585922775368051,1.585922775368051
"Johansson, 2019a",hads-d,1.537862278735175,1.537862278735175
"Johansson, 2019b",phq-9,0.4059519543703836,0.4059519543703836
"Johansson, 2019b",madrs-sr,0.6338284629277215,0.6338284629277215
"Johnson, 2012",hdrs,0.6723943689795968,0.6723943689795968
"Johnson, 2019",qids,0.209118881118881,0.209118881118881
"Johnson, 2019",hdrs,0.1792,0.1792
"Joling, 2011",ces-d,0.1030988302392806,0.1030988302392806
"Jordans, 2019",phq-9,0.4092568073033545,0.4092568073033545
"Kamga, 2017",phq-9,0.4286535343179409,0.4286535343179409
"Kanter, 2015",hdrs,0.1904699420472459,0.1904699420472459
"Kanter, 2015",bdi-2,0.0717843086525647,0.0717843086525647
"Kay-Lambkin, 2009",bdi,0.9280728282750271,0.9280728282750271
"Kay-Lambkin, 2009",bdi,0.5060884224179502,0.5060884224179502
"Keeley, 2016",phq-9,0.4016897854757532,0.4016897854757532
"Kelly, 1993",scl,1.061061557182836,1.061061557182836
"Kelly, 1993",ces-d,0.9556968315286968,0.9556968315286968
"Kelly, 1993",ces-d,0.5313994934101541,0.5313994934101541
"Kelly, 1993",scl,0.462967825240578,0.462967825240578
"Kemmeren, 2023",phq-9,-0.02933914243492013,0.02933914243492013
"Kemmeren, 2023",qids-sr,0.3004279909651764,0.3004279909651764
"Kenter, 2016",ces-d,-0.07312004606427443,0.07312004606427443
"Kessler, 2009",bdi-1,0.6068132435201993,0.6068132435201993
"Khazraee, 2023",bdi-2,2.332316156876885,2.332316156876885
"Khoshbooii, 2021",bdi-2,3.052695834372702,3.052695834372702
"Khoshbooii, 2021",bdi-2,3.13082737227314,3.13082737227314
"Kim, 2018",hads-d,0.9401931228145967,0.9401931228145967
"Kim, 2018",poms,0.697173998013046,0.697173998013046
"King, 2000",bdi-1,0.4898890489185174,0.4898890489185174
"King, 2000",bdi-1,0.3412596187926366,0.3412596187926366
"Kivi, 2014",bdi-1,-0.15705752940781,0.15705752940781
"Korrelboom, 2012",bdi-2,0.7862312755685554,0.7862312755685554
"Korte, 2012",ces-d,0.5060658240665212,0.5060658240665212
"Kramer, 2014",ces-d,0.324214601708599,0.324214601708599
"Kramer, 2021",ces-d,0.518193516109849,0.518193516109849
"Laidlaw, 2008",hdrs,0.4603117452088165,0.4603117452088165
"Laidlaw, 2008",bdi-2,0.3984678985463259,0.3984678985463259
"Laidlaw, 2008",gds,0.3883901059159547,0.3883901059159547
"Lamers, 2010",bdi-1,0.2552105082201297,0.2552105082201297
"Lamers, 2015",ces-d,0.3437961866841152,0.3437961866841152
"Landreville, 1997",bdi-1,0.3267767817632,0.3267767817632
"Landreville, 1997",idd,0.3055493731014517,0.3055493731014517
"Landreville, 1997",gds,0.2751339426481743,0.2751339426481743
"Lappalainen, 2015",bdi-2,0.6247423208983884,0.6247423208983884
"Larcombe, 1984",bdi-1,3.06872095373343,3.06872095373343
"Larcombe, 1984",hdrs,2.404512291954206,2.404512291954206
"Lee, 2021",ces-d,0.5215690889216613,0.5215690889216613
"Lee, 2021",hdrs,0.3977370490245239,0.3977370490245239
"Lemma, 2013",phq-9,-0.1150192256660836,0.1150192256660836
"Lemma, 2013",phq-9,-0.2689863761981623,0.2689863761981623
"Lenze, 2017",epds,-0.4145331082375266,0.4145331082375266
"Lenze, 2020",epds,-0.1350433480178431,0.1350433480178431
"Lerner, 2015",phq-9,0.5965582342858101,0.5965582342858101
"Leung, 2013",epds,0.7280261253571844,0.7280261253571844
"Leung, 2013",hads-d,-0.07711203400068652,0.07711203400068652
"Leung, 2016",epds,0.2523037346758341,0.2523037346758341
"Leung, 2016",hads-d,0.05846668363825708,0.05846668363825708
"Lexis, 2011",bdi-2,0.3414857984262045,0.3414857984262045
"Lexis, 2011",hads-d,0.2166470827783031,0.2166470827783031
"Liang, 2021",phq-9,0.7067937008083414,0.7067937008083414
"Liang, 2021",sss - depressive subscale,0.4013880786975484,0.4013880786975484
"Linde, 2011",scl,0.1485039518707357,0.1485039518707357
"Liu, 2009",bdi-2,0.2929017737853726,0.2929017737853726
"Liu, 2021",hdrs,1.626460311848144,1.626460311848144
"Liu, 2021",epds,1.346223698209017,1.346223698209017
"Liu, 2023",hdrs-24,1.685608194106501,1.685608194106501
"Liu, 2024",phq-9,2.408405840534415,2.408405840534415
"Lloyd-Williams, 2018",phq-9,0.1288114325579612,0.1288114325579612
"Lök, 2019",csdd,1.760031099318941,1.760031099318941
"Losada, 2015",ces-d,0.9186000196522545,0.9186000196522545
"Losada, 2015",ces-d,0.7830773025045787,0.7830773025045787
"Lovell, 2008",bdi-2,0.2729013535851805,0.2729013535851805
"Lovell, 2008",phq-9,0.08973566353640923,0.08973566353640923
"Lund, 2020",hdrs,0.03984558009691476,0.03984558009691476
"Lundgren, 2016",phq-9,0.2652767144882913,0.2652767144882913
"Lustman, 1998",bdi-1,0.8458339950030912,0.8458339950030912
"Lynch, 1997",hdrs,0.929958266602528,0.929958266602528
"Lynch, 2004",bdi-1,0.4367518322046733,0.4367518322046733
"Lynch, 2004",bdi-1,0.09702982182828582,0.09702982182828582
"Lynch, 2004",dhp-d,-0.06267402296190774,0.06267402296190774
"Lynch, 2004",dhp-d,-0.2918030317589653,0.2918030317589653
"Lynch, 2020",hdrs,0.4522679113245456,0.4522679113245456
"Lynch, 2020",phq-9,0.4304877283615202,0.4304877283615202
"MacLean, 2020",phq-9,0.1704545454545454,0.1704545454545454
"MacPherson, 2013",phq-9,0.2781906822191301,0.2781906822191301
"MacPherson, 2013",bdi-2,0.181047664117501,0.181047664117501
"Mahmoodi, 2021",bdi-2,1.142759602062137,1.142759602062137
"Mahmoodi, 2021",bdi-2,1.332608966627495,1.332608966627495
"Maina, 2005",hdrs,1.153455716650386,1.153455716650386
"Maina, 2005",hdrs,1.088127801944622,1.088127801944622
"Majidzadeh, 2023",bdi,4.860789657685203,4.860789657685203
"Malouff, 1988",bdi-1,1.496233245596939,1.496233245596939
"Malouff, 1988",poms-d,1.271329676804907,1.271329676804907
"Malouff, 1988",poms-d,1.398419423680047,1.398419423680047
"Malouff, 1988",bdi-1,1.007154233383218,1.007154233383218
"Mansour, 2022",bdi-2,0.3877343106643803,0.3877343106643803
"Martin, 2015",bdi-2,1.678828988863809,1.678828988863809
"Martin, 2015",phq-9,1.168371748437679,1.168371748437679
"Matsuzaka, 2017",phq-9,0.07328833877730338,0.07328833877730338
"Matsuzaka, 2017",hdrs,-0.04064511094791186,0.04064511094791186
"McClay, 2015",phq-9,0.8459217092428891,0.8459217092428891
"McCusker, 2021",ces-d,0.6605720232855653,0.6605720232855653
"McIndoo, 2016",hdrs,1.36207667368394,1.36207667368394
"McIndoo, 2016",bdi-2,1.026932046859557,1.026932046859557
"McIndoo, 2016",hdrs,1.082907829664926,1.082907829664926
"McIndoo, 2016",bdi-2,0.7078005733275302,0.7078005733275302
"McKee, 2006",bdi-2,0.07319313645997816,0.07319313645997816
"Mennen, 2021",ces-d,0.385415302826265,0.385415302826265
"Merza, 2023",epds,0.8109123297362528,0.8109123297362528
"Michalak, 2015",hdrs,0.7581506150419827,0.7581506150419827
"Michalak, 2015",bdi-1,0.5254506136728472,0.5254506136728472
"Michalak, 2015",bdi-1,0.5008491188131242,0.5008491188131242
"Michalak, 2015",hdrs,0.3533956759651077,0.3533956759651077
"Milgrom, 2005",bdi-1,0.8480016357343937,0.8480016357343937
"Milgrom, 2005",bdi-1,0.6236762559236368,0.6236762559236368
"Milgrom, 2005",bdi-1,0.6925732485326607,0.6925732485326607
"Milgrom, 2011",bdi-2,0.6536234555124266,0.6536234555124266
"Milgrom, 2011",bdi-2,0.06714969742439747,0.06714969742439747
"Milgrom, 2015b",bdi-2,0.5664995086974491,0.5664995086974491
"Milgrom, 2016",bdi-2,0.828511190386603,0.828511190386603
"Milgrom, 2021",bdi-2,-0.221611354090969,0.221611354090969
"Milgrom, 2021",bdi-2,0.746807148310505,0.746807148310505
"Miller, 2002",hdrs,0.449695972054195,0.449695972054195
"Miranda, 2003",hdrs,0.1586837332208443,0.1586837332208443
"Mohr, 2000",poms-d,0.5671467468440993,0.5671467468440993
"Mohr, 2011",phq-9,0.2922607411714662,0.2922607411714662
"Mohr, 2011",hdrs,0.2778798196863868,0.2778798196863868
"Mohr, 2013",phq-9,0.3964968531593189,0.3964968531593189
"Mohr, 2013",phq-9,0.5174917348840452,0.5174917348840452
"Moldovan, 2013",bdi-2,0.6421451639196882,0.6421451639196882
"Moldovan, 2013",bdi-2,0.5913924246147311,0.5913924246147311
"Moldovan, 2013",bdi-2,-0.1164275680274733,0.1164275680274733
"Montero-Marin, 2016",bdi-2,0.07735381336107068,0.07735381336107068
"Montero-Marin, 2016",bdi-2,0.1208953530036693,0.1208953530036693
"Moon, 2021",hdrs,2.191697549287077,2.191697549287077
"Moon, 2021",bdi,1.632792581306647,1.632792581306647
"Mossey, 1996",gds,0.2051104080321741,0.2051104080321741
"Mueller-Weinitschke, 2023",qids-c,0.7052113466041924,0.7052113466041924
"Mueller-Weinitschke, 2023",phq-9,0.9674545427008692,0.9674545427008692
"Mukhtar, 2011",bdi-1,4.827285061807151,4.827285061807151
"Mulcahy, 2010",bdi-2,0.6332018787773689,0.6332018787773689
"Mulcahy, 2010",epds,0.6312290806244415,0.6312290806244415
"Mulcahy, 2010",hdrs,0.5375851534079684,0.5375851534079684
"Musa, 2021",bdi-2,0.4905691553769589,0.4905691553769589
"Mynors-Wallis, 1995",bdi-1,0.6896478601582152,0.6896478601582152
"Mynors-Wallis, 1995",hdrs,0.6628822487337193,0.6628822487337193
"Nadort, 2022",bdi-2,0.06162231365350405,0.06162231365350405
"Naeem, 2013",hads-d,1.115693004541672,1.115693004541672
"Naeem, 2015",hads-d,0.8595652588561823,0.8595652588561823
"Nakagawa, 2017",hdrs,0.8388010020139219,0.8388010020139219
"Nakagawa, 2017",bdi-2,0.2413381783753632,0.2413381783753632
"Nakagawa, 2017",qids-sr,0.1069568089274348,0.1069568089274348
"Nakimuli-Mpungu, 2015",srq-20,0.053225474583709013,0.053225474583709013
"Nakimuli-Mpungu, 2020",mini,2.612503126466322,2.612503126466322
"Nasrin, 2017",phq-9,1.742337293269651,1.742337293269651
"Neugebauer, 2006",hdrs,0.1505710494605209,0.1505710494605209
"Newby, 2013",phq-9,1.00168334639203,1.00168334639203
"Newby, 2014",bdi-2,0.0985759894185636,0.0985759894185636
"Newby, 2017",k-10,1.056767683384833,1.056767683384833
"Newby, 2017",phq-9,0.776390242634289,0.776390242634289
"Nezu, 1986",mmpi-d,4.443877737141469,4.443877737141469
"Nezu, 1986",bdi-1,2.009207340070736,2.009207340070736
"Nezu, 1986",mmpi-d,1.411679349547702,1.411679349547702
"Nezu, 1986",bdi-1,0.401110951712766,0.401110951712766
"Nezu, 1989",bdi-1,3.090003635912475,3.090003635912475
"Nezu, 1989",hdrs,2.612263099794866,2.612263099794866
"Nezu, 1989",bdi-1,1.806630320047334,1.806630320047334
"Nezu, 1989",hdrs,1.312614324183069,1.312614324183069
"Ng, 2013",gds,1.431781494987926,1.431781494987926
"Ngai, 2015",epds,0.4423200135235534,0.4423200135235534
"Niedermoser, 2020",hdrs,0.5659844714494072,0.5659844714494072
"Niedermoser, 2020",bdi-2,0.4892028091485938,0.4892028091485938
"Nobis, 2015",ces-d,0.8914533959530573,0.8914533959530573
"Nobis, 2015",hads-d,0.8191106228780906,0.8191106228780906
"Nollett, 2016",gds,-0.0677210778628538,0.0677210778628538
"Nollett, 2016",gds,-0.1765364607176054,0.1765364607176054
"Noone, 2022",phq-9,0.01801162745759852,0.01801162745759852
"Noone, 2022",csdd,0.2368300041442814,0.2368300041442814
"Northwood, 2020",hscl-d,0.9190141993855055,0.9190141993855055
"Nyström, 2017",phq-9,0.6490930283751125,0.6490930283751125
"Nyström, 2017",phq-9,0.972768358252414,0.972768358252414
"O'Hara, 2000",hdrs,1.192980774668956,1.192980774668956
"O'Hara, 2000",bdi-1,1.088835687082284,1.088835687082284
"O'Mahen, 2013a",bdi-2,3.660859410418572,3.660859410418572
"O'Neil, 2014",phq-9,0.3517011448754782,0.3517011448754782
"O'Neil, 2014",cds,-0.1203459966371895,0.1203459966371895
"Oehler, 2020",ids-sr,0.2328340946259702,0.2328340946259702
"Oehler, 2020",phq-9,0.1347449470644851,0.1347449470644851
"Okeke, 2023",hdrs-17,5.241898380061672,5.241898380061672
"Olukolade, 2017",bdi-2,1.951577832792298,1.951577832792298
"Olukolade, 2017",bdi-2,-0.1443266017059234,0.1443266017059234
"Omidi, 2013",bsi-d,1.633386194699967,1.633386194699967
"Omidi, 2013",bsi-d,1.531930301788044,1.531930301788044
"Onuigbo, 2019",bdi-2,1.735979581400376,1.735979581400376
"Otu, 2023",bdi-2,1.876661078729285,1.876661078729285
"Pace, 1993",bdi-1,0.7416271729216944,0.7416271729216944
"Pagoto, 2013",bdi-1,0.4839610115633194,0.4839610115633194
"Pagoto, 2013",hdrs,0.2966538323197673,0.2966538323197673
"Pan, 2023",epds,0.481721941202921,0.481721941202921
"Patel, 2017",bdi-2,0.5179141620231908,0.5179141620231908
"Pecheur, 1984",hdrs,2.253982653024657,2.253982653024657
"Pecheur, 1984",bdi-1,1.929904771352606,1.929904771352606
"Pecheur, 1984",hdrs,1.828158844890252,1.828158844890252
"Pecheur, 1984",bdi-1,1.700441575845068,1.700441575845068
"Peden, 2000",bdi-1,1.125539558381993,1.125539558381993
"Pellas, 2022",madrs-sr,0.8332364235025991,0.8332364235025991
"Pellas, 2022",gds,0.6752419421268098,0.6752419421268098
"Pellas, 2022",phq-9,0.5631996019585928,0.5631996019585928
"Penckofer, 2012",ces-d,0.780800722503297,0.780800722503297
"Perini, 2009",phq-9,0.846990515129698,0.846990515129698
"Perini, 2009",bdi-2,0.6138469441683962,0.6138469441683962
"Perini, 2009",k-10,0.2224872636044703,0.2224872636044703
"Petersen, 2014",phq-9,0.9214600666649292,0.9214600666649292
"Pibernik-Okanovic, 2009",ces-d,-0.138791942000791,0.138791942000791
"Pibernik-Okanovic, 2015",ces-d,0.08245819889817266,0.08245819889817266
"Piers, 2023",bdi-2,1.613718411108946,1.613718411108946
"Pihlaja, 2020",bdi-1,0.4714827128522661,0.4714827128522661
"Pinniger, 2012",DASS-21-D,0.5737196484073697,0.5737196484073697
"Poleshuck, 2014",hdrs,0.2113745201922348,0.2113745201922348
"Poleshuck, 2014",bdi-1,0.130415048681225,0.130415048681225
"Pot, 2010",ces-d,0.3868841792296629,0.3868841792296629
"Pots, 2014",ces-d,0.4929824511500057,0.4929824511500057
"Pots, 2016",ces-d,0.5581644974363617,0.5581644974363617
"Pott, 2022",phq-9,0.8558498099276116,0.8558498099276116
"Power, 2012",bdi-1,0.6586300442263597,0.6586300442263597
"Power, 2012",bdi-1,0.3610053956500547,0.3610053956500547
"Powers, 2023",phq-9,0.5934566179797517,0.5934566179797517
"Prendergast, 2001",madrs,0.5107486077650927,0.5107486077650927
"Prendergast, 2001",epds,-0.3149126765288585,0.3149126765288585
"Preschl, 2012",bdi-2,0.7122292030205503,0.7122292030205503
"Propst, 1992",bdi-1,1.411842087440458,1.411842087440458
"Propst, 1992",bdi-1,1.2101364665696,1.2101364665696
"Propst, 1992",hdrs,0.9664094649790587,0.9664094649790587
"Propst, 1992",bdi-1,0.895004478982565,0.895004478982565
"Propst, 1992",hdrs,0.8337075242978697,0.8337075242978697
"Propst, 1992",bdi-1,0.7568886355122315,0.7568886355122315
"Propst, 1992",hdrs,0.7502907381859661,0.7502907381859661
"Propst, 1992",hdrs,0.5217774049589917,0.5217774049589917
"Propst, 1992",bdi-1,0.48510902310126,0.48510902310126
"Propst, 1992",bdi-1,0.4751087036413564,0.4751087036413564
"Propst, 1992",hdrs,0.225152387215849,0.225152387215849
"Propst, 1992",bdi-1,0.1668999988030946,0.1668999988030946
"Propst, 1992",hdrs,-0.0819727392371202,0.0819727392371202
"Propst, 1992",hdrs,-0.2028516839785309,0.2028516839785309
"Propst, 1992",hdrs,-0.2074423866035036,0.2074423866035036
"Propst, 1992",bdi-1,-0.4503457867860687,0.4503457867860687
"Psaros, 2022",epds,1.932147218367847,1.932147218367847
"Psarraki, 2021",bdi-2,0.633486997519617,0.633486997519617
"Psarraki, 2021",dass-d,0.4444634835414513,0.4444634835414513
"Puckering, 2010",epds,0.8190474076603095,0.8190474076603095
"Pugh, 2016",epds,1.053961808174248,1.053961808174248
"Pugh, 2016",dass-d,0.8770697563915089,0.8770697563915089
"Qiu, 2013",hdrs,2.167056162016398,2.167056162016398
"Raevuori, 2021",phq-9,-0.2581432126997485,0.2581432126997485
"Rahman, 2008",hdrs,0.7235902837414354,0.7235902837414354
"Raji, 2022",bdi-2,1.058722937793508,1.058722937793508
"Ransom, 2008",bdi-2,0.1600814347663584,0.1600814347663584
"Raue, 2019",hdrs,0.7942033674281689,0.7942033674281689
"Raya-Tena, 2021",bdi-2,0.06119893088723535,0.06119893088723535
"Rehm, 1981",mmpi-d,0.6696077606694117,0.6696077606694117
"Rehm, 1981",mmpi-d,0.5692685453771481,0.5692685453771481
"Rehm, 1981",hdrs,0.4878858829138038,0.4878858829138038
"Rehm, 1981",bdi-1,0.3839952010414468,0.3839952010414468
"Rehm, 1981",bdi-1,0.2136574226544483,0.2136574226544483
"Rehm, 1981",hdrs,0.1625417563655259,0.1625417563655259
"Rehm, 1981",bdi-1,1.281806135118649,1.281806135118649
"Rehm, 1981",mmpi-d,0.7000284290233895,0.7000284290233895
"Rehm, 1981",hdrs,0.692778314161764,0.692778314161764
"Rehm, 1981",hdrs,0.5849055511141288,0.5849055511141288
"Rehm, 1981",mmpi-d,0.3179979399573312,0.3179979399573312
"Rehm, 1981",bdi-1,0.09928644023012091,0.09928644023012091
"Reins, 2019",hdrs,0.3163817550075087,0.3163817550075087
"Reins, 2019",qids,0.3015155960945702,0.3015155960945702
"Reins, 2019",phq-9,0.2836912337069079,0.2836912337069079
"Richards, 2015",bdi-2,0.6457756840041545,0.6457756840041545
"Richards, 2018",bdi-2,-0.4240995631975775,0.4240995631975775
"Rief, 2018",bdi-2,0.7759862764197136,0.7759862764197136
"Rief, 2018",bdi-2,0.5276671231739167,0.5276671231739167
"Rief, 2018",bdi-2,0.8169713817817121,0.8169713817817121
"Ritvo, 2021",bdi-2,0.4429331652651233,0.4429331652651233
"Ritvo, 2021",hdrs-24,0.6945161997272655,0.6945161997272655
"Rizvi, 2015",bdi-1,0.2968944161610539,0.2968944161610539
"Rohan, 2007",sigh-sad,1.836283351850075,1.836283351850075
"Rohan, 2007",bdi-2,1.604402966715466,1.604402966715466
"Rohan, 2007",hdrs,1.504001742017416,1.504001742017416
"Rohan, 2007",sigh-sad,1.024460880061946,1.024460880061946
"Rohan, 2007",bdi-2,0.9865065289230883,0.9865065289230883
"Rohan, 2007",hdrs,0.8777873123371022,0.8777873123371022
"Rohde, 2014b",k-sads,0.0897284533648171,0.0897284533648171
"Rohde, 2016",bdi-1,0.8042391436482964,0.8042391436482964
"Rohde, 2016",k-sads,0.6112650109777364,0.6112650109777364
"Rohricht, 2013",hdrs,0.9204737210108966,0.9204737210108966
"Ross, 1985",bdi-1,1.48349278994312,1.48349278994312
"Ross, 1985",madrs,1.471615614819129,1.471615614819129
"Rosso, 2017",k-10,0.9379218812090959,0.9379218812090959
"Rosso, 2017",hdrs,0.7856270417333634,0.7856270417333634
"Rosso, 2017",phq-9,0.781184172463377,0.781184172463377
"Rude, 1986",bdi-1,1.0279,1.0279
"Russell, 2020",phq-9,0.5233193839970005,0.5233193839970005
"Russell, 2020",bdi-2,0.4258552380172741,0.4258552380172741
"Russell, 2020",hdrs,-0.06753901297032087,0.06753901297032087
"Ruwaard, 2009",scl,0.8473307150458569,0.8473307150458569
"Ruwaard, 2009",bdi-1,0.8309268642201759,0.8309268642201759
"Ruwaard, 2009",dass-d,0.5196580409603351,0.5196580409603351
"Ruzickova, 2021",bdi-2,0.6425810780430298,0.6425810780430298
"Sadler, 2018",gds,4.193959052549055,4.193959052549055
"Sadler, 2018",gds,2.630199725987494,2.630199725987494
"Safren, 2009",bdi-1,0.7217847058602982,0.7217847058602982
"Safren, 2009",hdrs,0.5687696316956278,0.5687696316956278
"Safren, 2014",madrs,0.6521215564504114,0.6521215564504114
"Safren, 2016",ces-d,0.464531708634902,0.464531708634902
"Safren, 2016",madrs,0.2251938456002662,0.2251938456002662
"Safren, 2016",ces-d,0.5163258505738664,0.5163258505738664
"Safren, 2016",madrs,0.3312780810254485,0.3312780810254485
"Safren, 2021",hdrs,0.6537837644387154,0.6537837644387154
"Safren, 2021",ces-d,0.6333214234249586,0.6333214234249586
"Saisanan, 2020",gds,1.115974616541224,1.115974616541224
"Saisanan, 2020",dass-d,1.176951512079013,1.176951512079013
"Salamanca-Sanabria, 2020",phq-9,0.8979869897946529,0.8979869897946529
"Saloheimo, 2016",hdrs,0,0
"Saloheimo, 2016",hdrs,0.4573746380266338,0.4573746380266338
"Sanabria-Mazo, 2023",dass21-d,0.3294896707515712,0.3294896707515712
"Sanabria-Mazo, 2023",dass21-d,0.4545562098847115,0.4545562098847115
"Sander, 2020",phq-9,0.4228442869350698,0.4228442869350698
"Savard, 2006",hdrs,1.100693393194569,1.100693393194569
"Savard, 2006",bdi-1,0.6856343146443385,0.6856343146443385
"Savard, 2006",hads-d,0.222178303807082,0.222178303807082
"Savari, 2021",bdi-2,1.65067467038298,1.65067467038298
"Scazufca, 2022",phq-9,0.3814831265697588,0.3814831265697588
"Schlicker, 2020",ces-d,0.4255327782727576,0.4255327782727576
"Schlicker, 2020",qids-sr,0.2972395787239631,0.2972395787239631
"Schmidt, 1983",bdi-1,1.803864752433566,1.803864752433566
"Schmidt, 1983",bdi-1,1.713044640700202,1.713044640700202
"Schmidt, 1983",dacl,1.67464961929458,1.67464961929458
"Schmidt, 1983",sds,1.615398896269395,1.615398896269395
"Schmidt, 1983",dacl,1.574333469689568,1.574333469689568
"Schmidt, 1983",poms-d,1.563838826915612,1.563838826915612
"Schmidt, 1983",mmpi-d,1.407995752366101,1.407995752366101
"Schmidt, 1983",dacl,1.339880644609988,1.339880644609988
"Schmidt, 1983",sds,1.317578789214766,1.317578789214766
"Schmidt, 1983",poms-d,1.306869447672771,1.306869447672771
"Schmidt, 1983",bdi-1,1.286211663891911,1.286211663891911
"Schmidt, 1983",mmpi-d,1.257716804640345,1.257716804640345
"Schmidt, 1983",sds,1.072235608638811,1.072235608638811
"Schmidt, 1983",mmpi-d,1.040045627466052,1.040045627466052
"Schmidt, 1983",poms-d,0.889040775408262,0.889040775408262
"Schmidt, 1983",sds,0.728456669559321,0.728456669559321
"Schmidt, 1983",bdi-1,0.671444961141847,0.671444961141847
"Schmidt, 1983",poms-d,0.6249682336853978,0.6249682336853978
"Schmidt, 1983",dacl,0.5476969860858141,0.5476969860858141
"Schmidt, 1983",mmpi-d,0.2657175305334373,0.2657175305334373
"Schramm, 2020",bdi-1,1.149376788069527,1.149376788069527
"Schramm, 2020",hdrs-24,0.759175860697386,0.759175860697386
"Schulberg, 1996",hdrs,0.4372419879622241,0.4372419879622241
"Schuster, 2017",ces-d,0.8468053749401627,0.8468053749401627
"Scogin, 1987",hdrs,1.758419629977456,1.758419629977456
"Scogin, 1987",gds,1.187665837800099,1.187665837800099
"Scogin, 1987",bdi-1,1.080793291653484,1.080793291653484
"Scogin, 1987",hdrs,0.9175397132832263,0.9175397132832263
"Scogin, 1987",gds,0.8600707419994271,0.8600707419994271
"Scogin, 1987",bdi-1,0.714041195786922,0.714041195786922
"Scogin, 1989",hdrs,1.497590136720461,1.497590136720461
"Scogin, 1989",hdrs,0.9554951711611469,0.9554951711611469
"Scogin, 1989",gds,0.6007665221408355,0.6007665221408355
"Scogin, 1989",gds,-0.2711985241709163,0.2711985241709163
"Scogin, 2018",hscl-d,0.3995523640216056,0.3995523640216056
"Scott, 1990",bdi-1,0.8226754020516572,0.8226754020516572
"Scott, 1990",bdi-1,0.5463296243088759,0.5463296243088759
"Scott, 1992",hdrs,0.5250405016840118,0.5250405016840118
"Scott, 1992",hdrs,0.2453402755110318,0.2453402755110318
"Scott, 1997",hdrs,0.4841853613358375,0.4841853613358375
"Scott, 1997",bdi-1,0.4614497521033967,0.4614497521033967
"Segal, 2020",phq-9,0.5685633322699021,0.5685633322699021
"Segre, 2015",hdrs,0.4223402235582153,0.4223402235582153
"Segre, 2015",idas-gd,0.2019188350842882,0.2019188350842882
"Segre, 2015",epds,0.1325080177768215,0.1325080177768215
"Selmi, 1990",hdrs,2.016945578162613,2.016945578162613
"Selmi, 1990",hdrs,1.630908204014315,1.630908204014315
"Selmi, 1990",bdi-1,1.046229079245723,1.046229079245723
"Selmi, 1990",bdi-1,0.7545611582701721,0.7545611582701721
"Selmi, 1990",scl,0.7176476259143256,0.7176476259143256
"Selmi, 1990",scl,0.7043094475525414,0.7043094475525414
"Serfaty, 2009",bdi-2,0.1791316839267119,0.1791316839267119
"Serfaty, 2009",bdi-2,0.1710952892166047,0.1710952892166047
"Serfaty, 2020",phq-9,0.1901805332014216,0.1901805332014216
"Serfaty, 2020",bdi-2,0.009000324359347217,0.009000324359347217
"Serrano-Selva, 2012",gds,0.4766240481333495,0.4766240481333495
"Serrano-Selva, 2012",mini,0.2948114717919549,0.2948114717919549
"Serrano, 2004",ces-d,0.9530687097187186,0.9530687097187186
"Shan, 2022",phq-9,0.7711184709543853,0.7711184709543853
"Shan, 2022",hrds-17,0.6297473696078806,0.6297473696078806
"Shaw, 1977",bdi-1,2.1131,2.1131
"Shaw, 1977",bdi-1,0.988,0.988
"Shaw, 1977",bdi-1,0.8982,0.8982
"Sheeber, 2012",bdi-1,0.8402298940586385,0.8402298940586385
"Sheeber, 2017",phq-9,0.3133596930233566,0.3133596930233566
"Sheeber, 2017",hdrs,0.3083201258054336,0.3083201258054336
"Shih, 2021",hdrs,0.5123632369966732,0.5123632369966732
"Sikander, 2019",phq-9,0.2713785972725771,0.2713785972725771
"Simoni, 2013",madrs,0.1171738584651106,0.1171738584651106
"Simoni, 2013",bdi-1,-0.4354464584447455,0.4354464584447455
"Simpson, 2003",bdi-1,-0.05761736525261921,0.05761736525261921
"Simson, 2008",hads-d,0.2288358611174356,0.2288358611174356
"Sinniah, 2017",bdi-1,1.21954997256311,1.21954997256311
"Sinniah, 2017",dass-d,0.2004859436843421,0.2004859436843421
"Sirey, 2021",madrs,0.7923723938753539,0.7923723938753539
"Sloane, 1985",hdrs,0.2004401406985468,0.2004401406985468
"Sloane, 1985",bdi-1,-0.0290583314500177,0.0290583314500177
"Smit, 2006",cidi -adapt.,0.2903780376290941,0.2903780376290941
"Smit, 2006",cidi -adapt.,0.04323745585788741,0.04323745585788741
"Smit, 2006",cidi -adapt.,-0.1750711776561165,0.1750711776561165
"Smith, 2017",k-10,0.9086578774337296,0.9086578774337296
"Smith, 2017",phq-9,0.8550237507979134,0.8550237507979134
"Smith, 2017",phq-9,0.9845176228029812,0.9845176228029812
"Smith, 2017",k-10,0.8337666376520048,0.8337666376520048
"Songprakun, 2012",ces-d,0.6028,0.6028
"Spek, 2007",bdi-2,0.2667665966942009,0.2667665966942009
"Spek, 2007",bdi-2,0.3039601778644102,0.3039601778644102
"Spinelli, 2003",cgi,1.093533490173229,1.093533490173229
"Spinelli, 2003",epds,0.71343430922004,0.71343430922004
"Spinelli, 2003",bdi-1,0.6876386984045747,0.6876386984045747
"Spinelli, 2003",hdrs,0.5239901086250702,0.5239901086250702
"Spinelli, 2013",hdrs,-0.149845429598611,0.149845429598611
"Spruill, 2021",phq-9,0.1199208341541726,0.1199208341541726
"Sreevani, 2013",bdi-2,0.9151858751217484,0.9151858751217484
"Steel, 2020",bdi,0.3222326782676584,0.3222326782676584
"Stiles-Shields, 2018",phq-9,0.9311597096558435,0.9311597096558435
"Stiles-Shields, 2018",phq-9,1.508554977570946,1.508554977570946
"Strauss, 2012",bdi-2,1.825875152613354,1.825875152613354
"Strong, 2008",scl,0.3678571167509757,0.3678571167509757
"Sugg, 2018",phq-9,0.6441889823192318,0.6441889823192318
"Sun, 2022",ces-d,1.654808946763166,1.654808946763166
"Sun, 2022",hdrs-17,0.6823998196928044,0.6823998196928044
"Swartz, 2008",bdi-1,0.8781814026102082,0.8781814026102082
"Swartz, 2008",hdrs,0.8200463116996582,0.8200463116996582
"Szumska, 2020",hads-d,1.422900664448871,1.422900664448871
"Takagaki, 2016",bdi-2,0.8913565735175716,0.8913565735175716
"Talbot, 2011",hdrs,0.3314325566905512,0.3314325566905512
"Talbot, 2011",bdi-2,0.2844949995009733,0.2844949995009733
"Taylor, 1977",bdi-1,2.571540076859883,2.571540076859883
"Taylor, 1977",bdi-1,2.041292357149803,2.041292357149803
"Taylor, 1977",bdi-1,1.62517708133686,1.62517708133686
"Taylor, 1977",d-30,1.46734363953789,1.46734363953789
"Taylor, 1977",d-30,1.003831307256732,1.003831307256732
"Taylor, 1977",d-30,0.8765555990168779,0.8765555990168779
"Taylor, 2009",hdrs,1.943893477948266,1.943893477948266
"Taylor, 2009",bdi-1,1.216518838614831,1.216518838614831
"Teasdale, 1984",bdi-1,1.463706173955696,1.463706173955696
"Teichman, 1995",bdi-1,1.226574573180598,1.226574573180598
"Teichman, 1995",bdi-1,0.2626895685526205,0.2626895685526205
"Teri, 1997",sads (rdc & dsm-iii-r),1.166288391062941,1.166288391062941
"Teri, 1997",dsm,1.15720514814189,1.15720514814189
"Teri, 1997",sads (rdc & dsm-iii-r),0.797326159715838,0.797326159715838
"Teri, 1997",dsm,0.7924644148395218,0.7924644148395218
"Thomas, 2019",phq-9,0.7026820689185121,0.7026820689185121
"Thomas, 2019",sadq-h,-0.7042999809943572,0.7042999809943572
"Titov, 2010",phq-9,1.261720985956675,1.261720985956675
"Titov, 2010",bdi-2,1.073086395106175,1.073086395106175
"Titov, 2010",k-10,0.8540672414362539,0.8540672414362539
"Titov, 2010",sds,0.788158346674908,0.788158346674908
"Titov, 2010",phq-9,1.258471036209074,1.258471036209074
"Titov, 2010",bdi-2,1.078431296527723,1.078431296527723
"Titov, 2010",sds,0.8356503934267913,0.8356503934267913
"Titov, 2010",k-10,0.7037624660193511,0.7037624660193511
"Titov, 2015a",phq-9,2.254085454355351,2.254085454355351
"Tobin, 2017",ces-d,0.04705669426722773,0.04705669426722773
"Tomasino, 2017",phq-9,0.6328899767666382,0.6328899767666382
"Tomasino, 2017",phq-9,0.3633864714231049,0.3633864714231049
"Tong, 2020",hdrs,0.6251592673253835,0.6251592673253835
"Tonning, 2021",hdrs-17,0.053169643526245,0.053169643526245
"Tonning, 2021",bdi-21,0.0413770768532962,0.0413770768532962
"Tonning, 2021",hdrs-6,0.067631230717197,0.067631230717197
"Tovote, 2014",hdrs,0.5908092982435373,0.5908092982435373
"Tovote, 2014",bdi-2,0.5678662663737497,0.5678662663737497
"Tovote, 2014",hdrs,0.6953921478908164,0.6953921478908164
"Tovote, 2014",bdi-2,0.5407255926614468,0.5407255926614468
"Town, 2017",hdrs,1.534965241500829,1.534965241500829
"Town, 2017",phq-9,1.4551882078212,1.4551882078212
"Trevillion, 2020",epds,0.4875639988048197,0.4875639988048197
"Tulbure, 2018",qids-sr,0.885506292877247,0.885506292877247
"Tulbure, 2018",bdi-2,0.7585353874525677,0.7585353874525677
"Tulbure, 2018",bdi-2,0.8643973585964593,0.8643973585964593
"Tulbure, 2018",qids-sr,0.8547241532350668,0.8547241532350668
"Turner, 1979",dacl,1.10574585335117,1.10574585335117
"Turner, 1979",dacl,1.10574585335117,1.10574585335117
"Turner, 1979",dacl,0.6632695703637239,0.6632695703637239
"Turner, 2013",bdi-2,-0.09903311843766445,0.09903311843766445
"Tyson, 1987",mmpi-d,0.03005800796932745,0.03005800796932745
"Tyson, 1987",dacl,-0.09954020541383579,0.09954020541383579
"Tyson, 1987",dacl,-0.1041748551222783,0.1041748551222783
"Tyson, 1987",dacl,-0.1768191030429159,0.1768191030429159
"Tyson, 1987",mmpi-d,-0.2224632274870597,0.2224632274870597
"Tyson, 1987",mmpi-d,-0.2537389851937707,0.2537389851937707
"Unlu-Ince, 2013",ces-d,NA,NA
"van Bastelaar, 2011",ces-d,0.4915783094704371,0.4915783094704371
"van der Zanden, 2012",ces-d,0.837822653918901,0.837822653918901
"Van Horne, 2022",epds,0.2999995491199564,0.2999995491199564
"Van Lieshout, 2021",epds,0.5089010851626251,0.5089010851626251
"Van Lieshout, 2022",epds,0.5978062927757768,0.5978062927757768
"Van Lieshout, 2023",epds,0.4043894606725935,0.4043894606725935
"Van Luenen, 2018",phq-9,0.6089117859952194,0.6089117859952194
"Van Luenen, 2018",ces-d,0.7635636364103582,0.7635636364103582
"van Schaik, 2006",madrs,0.1127599818374247,0.1127599818374247
"van Schaik, 2006",gds,0.02841918294849038,0.02841918294849038
"Vazquez-Gonzalez, 2013",ces-d,1.537319731649778,1.537319731649778
"Vazquez, 2017",ces-d,2.1415767628712,2.1415767628712
"Vazquez, 2017",ces-d,2.029318440980689,2.029318440980689
"Vazquez, 2020",ces-d,1.141102395531999,1.141102395531999
"Vazquez, 2020",ces-d,1.253877914648812,1.253877914648812
"Vázquez, 2023",ces-d,1.490884360537616,1.490884360537616
"Verduyn, 2003",hdrs,0.2811594859432951,0.2811594859432951
"Verduyn, 2003",bdi-1,0.1176720774443886,0.1176720774443886
"Verduyn, 2003",hdrs,0.2512301803746904,0.2512301803746904
"Verduyn, 2003",bdi-1,0.02031747700643789,0.02031747700643789
"Vernmark, 2010",bdi-1,0.9293583228498851,0.9293583228498851
"Vernmark, 2010",madrs-s,0.800844022083181,0.800844022083181
"Vernmark, 2010",bdi-1,0.5566486406838456,0.5566486406838456
"Vernmark, 2010",madrs-s,0.3559165501004246,0.3559165501004246
"Victor-Aigbodion, 2023",zung,0.49490042156323166,0.49490042156323166
"Victor-Aigbodion, 2023",bdi-2,0.5890049779128007,0.5890049779128007
"Vigod, 2021",epds,0.1483359479539879,0.1483359479539879
"Vitriol, 2009",hdrs,0.574648018557669,0.574648018557669
"Warmerdam, 2008",ces-d,0.543403718436667,0.543403718436667
"Warmerdam, 2008",ces-d,0.4309753628980461,0.4309753628980461
"Watkins, 2012",phq-9,0.8597051279605342,0.8597051279605342
"Watkins, 2012",bdi-2,0.8030455762291357,0.8030455762291357
"Watkins, 2012",hdrs,0.4907408085552832,0.4907408085552832
"Watkins, 2012",phq-9,0.2783395604974894,0.2783395604974894
"Watkins, 2012",hdrs,0.2490284398435735,0.2490284398435735
"Watkins, 2012",bdi-2,0.2106367091591785,0.2106367091591785
"Watt, 2000",hdrs,2.745273446794537,2.745273446794537
"Watt, 2000",hdrs,2.152585430560971,2.152585430560971
"Watt, 2000",gds,1.051436243031125,1.051436243031125
"Watt, 2000",gds,0.9497798546707018,0.9497798546707018
"Weissman, 1979",rds,0.8829194172393536,0.8829194172393536
"Westerhof, 2019",ces-d,0.2230607848378821,0.2230607848378821
"Westerhof, 2019",ces-d,-0.3126726456902443,0.3126726456902443
"Wickberg, 1996",dsm-iii,1.334261686146392,1.334261686146392
"Wiechers, 2023",phq-9,0.6733670544599651,0.6733670544599651
"Wiechers, 2023",madrs,0.7251093130304361,0.7251093130304361
"Wiersma, 2014",ids,0.5481715537202966,0.5481715537202966
"Wiklund, 2010",epds,0.8152940208158973,0.8152940208158973
"Williams, 2000",hdrs,0.07188359256403092,0.07188359256403092
"Williams, 2013a",k-10,0.9652593096481815,0.9652593096481815
"Williams, 2013a",phq-9,0.9394896213471239,0.9394896213471239
"Williams, 2013a",bdi-2,0.9355157106638471,0.9355157106638471
"Williams, 2013b",bdi-2,0.2291405768444667,0.2291405768444667
"Williams, 2018",hads-d,0.6810253246788214,0.6810253246788214
"Williams, 2018",phq-9,0.640854072017088,0.640854072017088
"Wilson, 1983",bdi-1,2.599249269268983,2.599249269268983
"Wilson, 1983",bdi-1,1.916515618052945,1.916515618052945
"Wilson, 1983",hdrs,1.826274178275267,1.826274178275267
"Wilson, 1983",hdrs,1.525641379383575,1.525641379383575
"Winnebeck, 2017",bdi-2,1.539612291965343,1.539612291965343
"Wollersheim, 1991",mmpi-d,0.4115032400993535,0.4115032400993535
"Wollersheim, 1991",bdi-1,0.2777689389628024,0.2777689389628024
"Wollersheim, 1991",mmpi-d,0.1759328282856583,0.1759328282856583
"Wollersheim, 1991",bdi-1,-0.01483504553923553,0.01483504553923553
"Wollersheim, 1991",mmpi-d,-0.04866006921519501,0.04866006921519501
"Wollersheim, 1991",bdi-1,-0.1493324985031829,0.1493324985031829
"Wong, 2008a",bdi-1,0.7405830733697182,0.7405830733697182
"Wong, 2008b",bdi-1,0.7589153676419196,0.7589153676419196
"Wong, 2018",bdi-2,0.1925122985172456,0.1925122985172456
"Wright, 2005",bdi-1,1.277183660357361,1.277183660357361
"Wright, 2005",bdi-1,1.188068036316969,1.188068036316969
"Wright, 2005",hdrs,1.02503370457967,1.02503370457967
"Wright, 2005",hdrs,0.9213846813876481,0.9213846813876481
"Wright, 2022",phq-9,-0.01881344912351435,0.01881344912351435
"Wuthrich, 2013",adis,0.8474954732078297,0.8474954732078297
"Wuthrich, 2013",gds,0.6930657885952959,0.6930657885952959
"Wuthrich, 2013",ces-d,0.6838194116989714,0.6838194116989714
"Wuthrich, 2016",gds,0.5536344183608922,0.5536344183608922
"Xie, 2019",gds,0.6843727660238841,0.6843727660238841
"Yang, 2018",bdi-2,0.7955897529030823,0.7955897529030823
"Yeung, 2017",ces-d,0.6064555494206871,0.6064555494206871
"Ying, 2022",ces-d,3.299538025631605,3.299538025631605
"Ying, 2022",phq-9,1.562530892273674,1.562530892273674
"Ying, 2022",bdi-2,2.578610706670522,2.578610706670522
"Ying, 2022",ces-d,4.690513551722666,4.690513551722666
"Ying, 2022",phq-9,0.8210724954733968,0.8210724954733968
"Ying, 2022",bdi-2,2.447707119088529,2.447707119088529
"Yuan, 2020",gds,0.6435586108121073,0.6435586108121073
"Zemestani, 2016",bdi-2,1.487528702595461,1.487528702595461
"Zemestani, 2016",bdi-2,1.368761800409223,1.368761800409223
"Zemestani, 2020a",bdi-2,2.618195229516594,2.618195229516594
"Zemestani, 2020b",bdi-2,1.175117922551293,1.175117922551293
"Zhao, 2019",pdss,0.4828390765234556,0.4828390765234556
"Zhao, 2019",epds,0.3790807622752008,0.3790807622752008
"Zhao, 2021",epds,0.3145620743133422,0.3145620743133422
"Zu, 2014",hdrs,0.7052094571711619,0.7052094571711619
"Zu, 2014",qids-sr,0.4541412690465207,0.4541412690465207
