meta_analysis,meta_metric,k,k_with_data,mean_yi,median_sei
Balliet68,d,164,164,0.3003658536585366,0.21428571428571425
Balliet83-1,d,281,268,-0.027925925925925948,0.21428571428571427
Balliet83-2,d,154,153,0.7681168831168831,0.2295918367346939
Balliet83-3,d,39,35,-0.01947368421052635,0.4030612244897959
Brewin et al102-1,d,12,11,0.04909090909090909,0.12995435965453542
Byron & Khazanchi103-1,d,8,8,0.09375,0.07635548021485472
Chaplin67-1,d,148,148,-0.1133108108108108,0.23204382653872613
Chaplin67-2,d,110,110,-0.12409090909090909,0.21289698926071635
Chaplin67-3,d,78,78,0.09794871794871794,0.2031015030257884
Chaplin67-4,d,111,111,0.02765765765765765,0.24699558332451652
Eastwick et al104-1,d,106,73,0.1078082191780822,0.09813305807615821
Eastwick et al104-2,d,73,73,0.12547945205479452,0.09221630091174854
Eastwick et al104-3,d,138,138,0.3651449275362319,0.10123061134509848
Eastwick et al104-4,d,138,138,0.3405072463768116,0.10036504662355261
Else-Quest et al79-1,d,307,307,-0.2784364820846906,0.17631584039529313
Else-Quest et al79-2,d,232,232,-0.28375,0.16701826848168883
Else-Quest et al79-3,d,48,48,-0.635,0.17339722547485636
Else-Quest et al79-4,d,93,93,1.0752688172042603e-4,0.10042570909843215
Else-Quest et al79-5,d,17,17,-0.03647058823529412,0.12463912997895597
Fairbain16-1,d,9,9,0.01777777777777777,0.34693877551020413
Fairbain16-2,d,18,18,0.02444444444444445,0.2755102040816326
Fairbain16-3,d,15,15,0.5566666666666666,0.30612244897959184
Fairbain16-4,d,18,18,0.5344444444444444,0.25
Fischer et al 107-1,d,105,105,-0.4176857142857142,0.3345713675734969
Fox et al81-1,d,94,94,0.06095744680851064,0.16850603973385925
Fox et al81-2,d,31,31,0.3445161290322581,0.1811457785968204
Fox2016-1-1,d,39,39,0.5417948717948717,0.2869120879120879
Fox2016-1-2,d,77,77,0.36324675324675326,0.239967986111111
Freund and Kasten76,d,157,154,0.3197402597402597,0.08032856759154747
Grijalva75-1,d,44,44,0.29113636363636364,0.1250385
Grijalva75-2,d,41,41,0.21635121951219513,0.10993700000000001
Grijalva75-3,d,40,40,0.058725000000000006,0.1135025
Haedt-Matt106-1,d,17,17,0.6929411764705882,0.2
Haedt-Matt106-2,d,14,14,0.7164285714285714,0.195
Haedt-Matt106-3,d,14,14,0.5221428571428571,0.2
Harkin65-1,d,138,138,0.4836434312897931,0.2287955362066269
Harkin65-2,d,138,138,2.0913321816627644,0.27405463378103867
Johnsen and Friborg61-1,d,67,67,1.667313432835821,0.24744897959183676
Johnsen and Friborg61-2,d,34,34,1.7908235294117647,0.25637755102040816
Karlin53-1,d,43,42,0.11453571428571428,0.09031742808123688
Khal70-1,d,256,256,0.5032421874999999,0.0771285
Khal70-2,d,251,251,0.47478087649402395,0.086112
Khal70-3,d,238,238,0.4773529411764706,0.072935
Khal70-4,d,20,20,0.197,0.076511
Khal70-5,d,34,34,0.13441176470588234,0.0813915
Khal70-6,d,23,23,0.21739130434782608,0.081328
Kim78-2,d,74,74,0.2716216216216216,0.08595214617345258
Koenig77-1,d,51,51,0.5947058823529412,0.1
Koenig77-2,d,49,49,0.23591836734693877,0.1
Koenig77-3,d,73,50,1.4496,0.2
Koenig77-4,d,93,93,1.0752688172042543e-4,0.10042570909843215
Kredlow2016-2-1,d,13,13,0.8645583670162528,0.5198656851327206
Kredlow2016-2-2,d,34,34,0.3593715922939686,0.4752964035696283
Kredlow2016-2-3,d,16,16,0.3573874634850459,0.3341752923491864
Kuykendall56-1,d,14,14,0.39714285714285713,0.06909125548663629
Kuykendall56-2,d,49,37,0.2602702702702703,0.07106690545187015
Lervag105-1,d,57,57,-0.6480701754385965,0.2398645430803299
Lervag105-2,d,124,124,-1.133709677419355,0.2664756327867508
Lervag105-3,d,51,51,-0.056666666666666664,0.24873077869415283
Lervag105-4,d,79,79,-0.14708860759493667,0.2450571358203888
Lui55-1,d,62,62,-0.19790322580645162,0.09205746178983233
Lui55-2,d,8,8,-0.105,0.07147324997517387
Lui55-3,d,18,18,0.2511111111111111,0.09580985224401661
Lull13.1,d,31,31,-0.3903225806451613,0.1996089927833914
Lull13.2,d,19,19,-0.08842105263157894,0.20036859238796378
Lull13.3,d,10,10,-0.376,0.21934846597422714
Lull13.4,d,11,11,-0.32,0.1358702111785887
Lull13.5,d,8,7,-0.15125,0.15814945463073846
Lull13.6,d,13,13,0.05307692307692307,0.13607483032142503
Melby-Lervag85-1,d,141,141,0.5402836879432624,0.091963
Melby-Lervag85-2,d,31,31,0.4129032258064516,0.104659
Melby-Lervag85-3,d,56,56,0.3271428571428571,0.0950075
Mendelson74-1,d,5,5,-3.2902,0.262
Mendelson74-2,d,7,7,-1.0928571428571427,0.321
Mol and Bus108-1,d,20,20,0.3245,0.095
Mol and Bus108-10,d,10,8,0.19,0.125
Mol and Bus108-11,d,29,29,0.5637931034482758,0.15
Mol and Bus108-12,d,17,17,0.42470588235294116,0.1
Mol and Bus108-13,d,8,8,0.22,0.07
Mol and Bus108-2,d,30,13,0.2684615384615385,0.1
Mol and Bus108-3,d,7,7,0.3314285714285714,0.11
Mol and Bus108-4,d,30,12,0.2225,0.11
Mol and Bus108-5,d,18,18,0.48277777777777775,0.13
Mol and Bus108-6,d,21,21,0.38142857142857145,0.15
Mol and Bus108-7,d,18,18,0.2722222222222222,0.125
Mol and Bus108-8,d,24,24,0.39708333333333334,0.12
Mol and Bus108-9,d,9,9,0.44666666666666666,0.13
North-12-1,d,40,40,-0.28450000000000003,0.11697593494855835
Ottaviani-10-1,d,10,10,0.226,0.28
Ottaviani-10-2,d,8,8,0.34875,0.32499999999999996
Ottaviani-10-3,d,6,6,0.3466666666666667,0.3
Ottaviani-10-4,d,11,11,0.5545454545454545,0.26
Ottaviani-10-5,d,21,21,0.30095238095238097,0.25
Ottaviani-10-6,d,8,8,0.315,0.21000000000000002
Ottaviani-10-7,d,18,18,0.1461111111111111,0.19
Ottaviani-10-8,d,12,12,0.4966666666666667,0.255
Pahle66-1,d,33,31,0.11774193548387098,0.135085309931044
Pahle66-2,d,34,26,0.1473076923076923,0.07913680430165362
Pan60-1,d,87,87,0.9288735632183907,0.363318042491699
Pool-6,d,243,243,0.33868312757201646,0.16666666666666666
Randall62-1,d,20,20,-0.0915,0.08730159559549654
Randall62-3,d,17,17,0.20058823529411765,0.07759952800750758
Randall62-4,d,27,27,0.2568518518518519,0.1601315248886299
Randall62-5,d,76,76,-0.16256578947368422,0.12151026008014443
Sambrook14-1,d,13,13,-0.7800731486923077,0.350271578292059
Sambrook14-2,d,13,13,-0.9293612175384616,0.35082486811713
Sambrook14-3,d,14,14,-0.4605241577857143,0.305326667838564
Sambrook14-4,d,14,14,-0.4944562066428571,0.29263703849773304
Sedlmeier82-01,d,12,12,0.3641666666666667,0.19707855
Sedlmeier82-02,d,30,30,0.339,0.1413576
Sedlmeier82-03,d,22,22,0.28818181818181815,0.14687735
Sedlmeier82-04,d,175,7,0.31142857142857144,0.1002853
Sedlmeier82-05,d,175,15,0.21066666666666667,0.1718634
Sedlmeier82-06,d,175,18,0.18833333333333332,0.1864361
Sedlmeier82-07,d,175,5,0.28800000000000003,0.1315295
Sedlmeier82-08,d,175,10,0.201,0.1249952
Sedlmeier82-09,d,175,26,0.26884615384615385,0.13048985000000002
Sedlmeier82-10,d,175,21,0.29333333333333333,0.13186610000000001
Sedlmeier82-11,d,175,16,0.32875,0.1186065
Sedlmeier82-12,d,175,27,0.2562962962962963,0.142853
Sedlmeier82-13,d,175,9,0.2511111111111111,0.1645195
Sedlmeier82-14,d,175,15,0.27,0.1062061
Sedlmeier82-15,d,175,12,0.23333333333333334,0.14957195
Sedlmeier82-16,d,175,23,0.22434782608695653,0.1477098
Sedlmeier82-17,d,175,18,0.2638888888888889,0.16400705
Sedlmeier82-18,d,175,16,0.3125,0.1309272
Sedlmeier82-19,d,175,7,0.21714285714285714,0.1883765
Sedlmeier82-21,d,175,9,0.06444444444444446,0.1203317
Sheehan72-1,d,217,217,0.3351152073732719,0.181071492085037
Sheehan72-2,d,92,92,-0.11446739130434785,0.2059144567145887
Smith73,d,80,80,0.196375,0.117960716525499
Soderberg15.1,d,125,125,0.5524249366641284,0.2448979591836735
Soderberg15.2,d,179,179,0.5698404805698324,0.2258652887755102
Stumm69-1,d,9,9,0.05444444444444445,0.06635905536605302
Stumm69-10,d,5,5,0.222,0.09411791443812288
Stumm69-11,d,54,54,0.15314814814814814,0.062338411420951506
Stumm69-2,d,5,5,0.056,0.07269873714844519
Stumm69-3,d,5,5,0.116,0.10973555436544663
Stumm69-4,d,37,37,0.2632432432432432,0.09030202348532702
Stumm69-5,d,10,10,0.222,0.10885325161190981
Stumm69-6,d,15,15,-0.22933333333333333,0.08574929257125442
Stumm69-7,d,42,42,0.2361904761904762,0.08378969027157329
Stumm69-8,d,18,18,0.27,0.07234589514559563
Stumm69-9,d,13,13,0.1776923076923077,0.0741448058146986
Tannenbaum101-1,d,21,21,-0.06238095238095237,0.288979886843358
Toosi et al80-1,d,41,41,0.062439024390243895,0.12228338319841994
Toosi et al80-2,d,32,32,0.0934375,0.11654140699351757
Toosi et al80-3,d,37,37,0.10486486486486483,0.12677132066021668
Toosi et al80-4,d,55,55,0.07799999999999999,0.1071898090884287
Vachon100.1,d,104,103,-0.08691262135922331,0.0917688249972686
Verhage59-1,d,83,83,0.3010843373493976,0.14124085666632277
Verhage59-2,d,47,47,0.2051063829787234,0.125
Voyer and Voyer64-1,d,258,258,0.27679753179690547,0.11182251117048145
Voyer and Voyer64-2,d,26,26,0.24478513832287874,0.09163621357631097
Voyer and Voyer64-3,d,81,81,0.3509987717556403,0.10603978950996844
Voyer and Voyer64-4,d,93,93,0.13547734583472293,0.11562109840569008
Voyer and Voyer64-5,d,31,31,0.13081419526592275,0.10575490529888472
Voyer and Voyer64-6,d,13,13,0.29114064019597835,0.11941314489552714
Vucasovic54-1,d,54,54,0.39444444444444443,0.07150000000000001
kim et al78,d,86,86,0.42616279069767443,0.06969452275980266
Cerasoli63,r,183,183,0.2373224043715847,0.07593207802617272
Dregner71,r,178,178,0.27854198314606743,0.053058499999999995
Kuykendall56-3,r,42,42,0.36,0.0745768931980866
Lee19-1,r,114,114,0.3366929824561403,0.054679444059729576
