"Positively linked with ..., inconsistently linked with fragile p-values",,,,,,
connectivi.,moderation,selfregula.,regarding,multivaria.,moderated,gyrus
postinterv.,additional.,con,learner,caregiver,spring,sleep
unadjusted,interventi.,inhibitory,association,obesity,rsa,roi
skills,parenting,household,associated,team,executive,pupil
brain,exercise,band,adjusting,working,probing,specifical.
tau,expressive,balance,pairwise,helping,post,marginal
interactive,count,vocabulary,driven,listening,observed,favor
diversity,caregivers,asd,odds,product,adherence,education
message,actor,term,symptom,subgroup,negative,adhd
such,fluency,threshold,identified,compared,risk,increases
language,decreased,sensitivity,lower,increase,externaliz.,exhibited
showing,right,exposure,amplitude,higher,left,covariate
power,experienced,parents,outcome,maternal,state,level
bias,found,family,after,decrease,baseline,had
with,activity,simple,increased,between,time,participant
,,,,,,
"Negatively linked with ..., inconsistently linked with fragile p-values",,,,,,
quite,testretest,entered,selfesteem,wilkss,clearly,highly
increment,manova,wilk,important,anovas,lambda,yielded
discrimina.,pure,rejected,equation,chisquare,youngest,criterion
spelling,computed,simultaneo.,considerab.,zeroorder,set,rater
equally,produced,yielding,scale,intercorre.,somewhat,judgments
beyond,accounted,once,multivaria.,obtained,attraction,substantia.
judged,clear,revised,weights,these,zero,again
function,delinquency,dependent,resulting,because,modified,much
equivalent,step,actual,measure,together,rating,confirmed
form,criterium,justice,respective.,variance,twofactor,reason
account,this,six,similarity,almost,commitment,expected
subscale,answer,culture,contributed,calculated,most,validity
four,even,latter,five,mean,first,item
resulted,each,initial,above,hierarchic.,second,third
three,respondent,personality,additional,for,strongly,were
different,hypothesiz.,both,overall,better,other,variable
factor,similar,also,was,the,,
